class,haiku,rag,qlora
smooth,1.0,0.625,1.0
intermittent,1.0,0.47058823529411764,1.0
erratic,1.0,0.6842105263157895,1.0
lumpy,0.9736842105263158,0.6842105263157895,0.75
overall,0.9933333333333333,0.62,0.9
